x,y
0.0,-0.03501697223923328
0.1282051282051282,1.557718515889633
0.2564102564102564,1.710196656664978
0.3846153846153846,3.7200608506571244
0.5128205128205128,1.6876349032652205
0.641025641025641,2.179662053615891
0.7692307692307692,2.0126541484083953
0.8974358974358974,1.2128477000140134
1.0256410256410255,3.1750645488902935
1.1538461538461537,2.981315772399371
1.282051282051282,3.1378177580581617
1.4102564102564101,1.909294285312066
1.5384615384615383,3.89778766290273
1.6666666666666665,1.800120211348189
1.7948717948717947,3.5448206370378026
1.923076923076923,4.989522801570651
2.051282051282051,2.615067682437526
2.1794871794871793,3.133760165698917
2.3076923076923075,3.8552558529707297
2.4358974358974357,3.571421910816104
2.564102564102564,2.9427932046028884
2.692307692307692,4.458299765284499
2.8205128205128203,3.7853147945685794
2.9487179487179485,5.25793252584989
3.0769230769230766,4.400254008275854
3.205128205128205,6.6459850542461645
3.333333333333333,5.063899208155776
3.4615384615384612,5.732285380163747
3.5897435897435894,6.955937192885534
3.7179487179487176,5.65220594708496
3.846153846153846,7.168097191171661
3.974358974358974,8.3994517804173
4.102564102564102,6.454702779307593
4.23076923076923,8.295709547940183
4.358974358974359,8.78465450148089
4.487179487179487,9.653512863041469
4.615384615384615,8.513547918476785
4.743589743589743,8.946794334088986
4.871794871794871,10.94707657734579
5.0,11.321171886982524
